2026-09-28T17:36:17Z server237-ext-20260928-probe-run-a5af7ca03e5c|6.70%|33.22MiB / 1GiB;server237-ext-20260928-worker-1|0.26%|46.65MiB / 15.48GiB;server237-ext-20260928-server-1|64.89%|79.5MiB / 15.48GiB;server237-ext-20260928-scheduler-1|3.76%|1.977MiB / 15.48GiB;server237-ext-20260928-redis-1|0.51%|3.445MiB / 15.48GiB;server237-ext-20260928-mysql-1|32.57%|512.6MiB / 15.48GiB;
2026-09-28T17:36:25Z server237-ext-20260928-probe-run-a5af7ca03e5c|8.14%|33.22MiB / 1GiB;server237-ext-20260928-worker-1|0.29%|46.66MiB / 15.48GiB;server237-ext-20260928-server-1|83.01%|81.57MiB / 15.48GiB;server237-ext-20260928-scheduler-1|0.00%|2.004MiB / 15.48GiB;server237-ext-20260928-redis-1|4.29%|3.445MiB / 15.48GiB;server237-ext-20260928-mysql-1|44.75%|518.1MiB / 15.48GiB;
2026-09-28T17:36:32Z server237-ext-20260928-probe-run-a5af7ca03e5c|5.31%|33.2MiB / 1GiB;server237-ext-20260928-worker-1|0.89%|46.66MiB / 15.48GiB;server237-ext-20260928-server-1|73.26%|83.66MiB / 15.48GiB;server237-ext-20260928-scheduler-1|65.64%|32.87MiB / 15.48GiB;server237-ext-20260928-redis-1|0.63%|3.43MiB / 15.48GiB;server237-ext-20260928-mysql-1|36.78%|522MiB / 15.48GiB;
2026-09-28T17:36:40Z server237-ext-20260928-probe-run-a5af7ca03e5c|7.72%|33.2MiB / 1GiB;server237-ext-20260928-worker-1|0.15%|46.66MiB / 15.48GiB;server237-ext-20260928-server-1|91.85%|85.67MiB / 15.48GiB;server237-ext-20260928-scheduler-1|0.00%|2.004MiB / 15.48GiB;server237-ext-20260928-redis-1|4.50%|3.418MiB / 15.48GiB;server237-ext-20260928-mysql-1|45.34%|524.9MiB / 15.48GiB;
2026-09-28T17:36:47Z server237-ext-20260928-probe-run-a5af7ca03e5c|7.07%|32.64MiB / 1GiB;server237-ext-20260928-worker-1|0.27%|46.66MiB / 15.48GiB;server237-ext-20260928-server-1|71.26%|85.84MiB / 15.48GiB;server237-ext-20260928-scheduler-1|3.68%|2.094MiB / 15.48GiB;server237-ext-20260928-redis-1|0.62%|3.414MiB / 15.48GiB;server237-ext-20260928-mysql-1|39.18%|528MiB / 15.48GiB;
2026-09-28T17:36:55Z server237-ext-20260928-probe-run-a5af7ca03e5c|9.04%|32.65MiB / 1GiB;server237-ext-20260928-worker-1|0.64%|46.66MiB / 15.48GiB;server237-ext-20260928-server-1|74.85%|88.36MiB / 15.48GiB;server237-ext-20260928-scheduler-1|0.00%|2MiB / 15.48GiB;server237-ext-20260928-redis-1|6.24%|3.547MiB / 15.48GiB;server237-ext-20260928-mysql-1|43.81%|534.4MiB / 15.48GiB;
2026-09-28T17:37:02Z server237-ext-20260928-probe-run-a5af7ca03e5c|6.96%|32.67MiB / 1GiB;server237-ext-20260928-worker-1|0.99%|46.66MiB / 15.48GiB;server237-ext-20260928-server-1|73.62%|88.89MiB / 15.48GiB;server237-ext-20260928-scheduler-1|0.22%|2.871MiB / 15.48GiB;server237-ext-20260928-redis-1|0.56%|3.387MiB / 15.48GiB;server237-ext-20260928-mysql-1|40.61%|534.1MiB / 15.48GiB;
2026-09-28T17:37:10Z server237-ext-20260928-probe-run-a5af7ca03e5c|5.16%|32.82MiB / 1GiB;server237-ext-20260928-worker-1|0.28%|46.66MiB / 15.48GiB;server237-ext-20260928-server-1|70.63%|88.95MiB / 15.48GiB;server237-ext-20260928-scheduler-1|37.44%|2.008MiB / 15.48GiB;server237-ext-20260928-redis-1|0.62%|3.395MiB / 15.48GiB;server237-ext-20260928-mysql-1|40.04%|537.2MiB / 15.48GiB;
2026-09-28T17:37:18Z server237-ext-20260928-probe-run-a5af7ca03e5c|7.60%|32.67MiB / 1GiB;server237-ext-20260928-worker-1|0.28%|46.66MiB / 15.48GiB;server237-ext-20260928-server-1|72.36%|89.13MiB / 15.48GiB;server237-ext-20260928-scheduler-1|0.00%|2.004MiB / 15.48GiB;server237-ext-20260928-redis-1|0.58%|3.383MiB / 15.48GiB;server237-ext-20260928-mysql-1|45.19%|540.5MiB / 15.48GiB;
2026-09-28T17:37:25Z server237-ext-20260928-probe-run-a5af7ca03e5c|6.66%|32.7MiB / 1GiB;server237-ext-20260928-worker-1|0.25%|46.66MiB / 15.48GiB;server237-ext-20260928-server-1|73.66%|89.36MiB / 15.48GiB;server237-ext-20260928-scheduler-1|0.00%|2.004MiB / 15.48GiB;server237-ext-20260928-redis-1|0.54%|3.406MiB / 15.48GiB;server237-ext-20260928-mysql-1|41.94%|543.3MiB / 15.48GiB;
2026-09-28T17:37:33Z server237-ext-20260928-probe-run-a5af7ca03e5c|7.26%|32.68MiB / 1GiB;server237-ext-20260928-worker-1|0.17%|46.67MiB / 15.48GiB;server237-ext-20260928-server-1|67.66%|89.42MiB / 15.48GiB;server237-ext-20260928-scheduler-1|84.64%|41.13MiB / 15.48GiB;server237-ext-20260928-redis-1|0.56%|3.391MiB / 15.48GiB;server237-ext-20260928-mysql-1|47.45%|545.2MiB / 15.48GiB;
2026-09-28T17:37:40Z server237-ext-20260928-probe-run-a5af7ca03e5c|5.55%|32.68MiB / 1GiB;server237-ext-20260928-worker-1|0.24%|46.75MiB / 15.48GiB;server237-ext-20260928-server-1|81.97%|89.58MiB / 15.48GiB;server237-ext-20260928-scheduler-1|0.00%|2.004MiB / 15.48GiB;server237-ext-20260928-redis-1|0.59%|3.391MiB / 15.48GiB;server237-ext-20260928-mysql-1|43.77%|547.7MiB / 15.48GiB;
2026-09-28T17:37:48Z server237-ext-20260928-probe-run-a5af7ca03e5c|8.64%|32.7MiB / 1GiB;server237-ext-20260928-worker-1|0.27%|46.75MiB / 15.48GiB;server237-ext-20260928-server-1|68.82%|89.75MiB / 15.48GiB;server237-ext-20260928-scheduler-1|0.00%|2.004MiB / 15.48GiB;server237-ext-20260928-redis-1|0.59%|3.375MiB / 15.48GiB;server237-ext-20260928-mysql-1|44.83%|550.9MiB / 15.48GiB;
2026-09-28T17:37:56Z server237-ext-20260928-probe-run-a5af7ca03e5c|7.65%|32.68MiB / 1GiB;server237-ext-20260928-worker-1|6.11%|46.83MiB / 15.48GiB;server237-ext-20260928-server-1|66.58%|89.96MiB / 15.48GiB;server237-ext-20260928-scheduler-1|42.46%|18.55MiB / 15.48GiB;server237-ext-20260928-redis-1|0.53%|3.391MiB / 15.48GiB;server237-ext-20260928-mysql-1|40.16%|553.2MiB / 15.48GiB;
2026-09-28T17:38:03Z server237-ext-20260928-probe-run-a5af7ca03e5c|5.32%|34.73MiB / 1GiB;server237-ext-20260928-worker-1|0.18%|46.84MiB / 15.48GiB;server237-ext-20260928-server-1|73.54%|102MiB / 15.48GiB;server237-ext-20260928-scheduler-1|0.00%|2.012MiB / 15.48GiB;server237-ext-20260928-redis-1|0.68%|3.387MiB / 15.48GiB;server237-ext-20260928-mysql-1|47.74%|555.8MiB / 15.48GiB;
2026-09-28T17:38:11Z server237-ext-20260928-probe-run-a5af7ca03e5c|3.17%|61.16MiB / 1GiB;server237-ext-20260928-worker-1|0.20%|46.9MiB / 15.48GiB;server237-ext-20260928-server-1|107.39%|112.6MiB / 15.48GiB;server237-ext-20260928-scheduler-1|0.00%|2MiB / 15.48GiB;server237-ext-20260928-redis-1|0.49%|10.68MiB / 15.48GiB;server237-ext-20260928-mysql-1|25.58%|555.9MiB / 15.48GiB;
2026-09-28T17:38:18Z server237-ext-20260928-probe-run-a5af7ca03e5c|14.96%|71.9MiB / 1GiB;server237-ext-20260928-worker-1|0.18%|46.91MiB / 15.48GiB;server237-ext-20260928-server-1|95.06%|126.5MiB / 15.48GiB;server237-ext-20260928-scheduler-1|0.00%|2.004MiB / 15.48GiB;server237-ext-20260928-redis-1|0.48%|17.92MiB / 15.48GiB;server237-ext-20260928-mysql-1|12.86%|557.8MiB / 15.48GiB;
2026-09-28T17:38:26Z server237-ext-20260928-probe-run-a5af7ca03e5c|0.50%|78.55MiB / 1GiB;server237-ext-20260928-worker-1|0.68%|96.91MiB / 15.48GiB;server237-ext-20260928-server-1|83.11%|119.6MiB / 15.48GiB;server237-ext-20260928-scheduler-1|0.00%|2.004MiB / 15.48GiB;server237-ext-20260928-redis-1|0.41%|25.17MiB / 15.48GiB;server237-ext-20260928-mysql-1|18.56%|561.1MiB / 15.48GiB;
2026-09-28T17:38:33Z server237-ext-20260928-probe-run-a5af7ca03e5c|0.76%|78.96MiB / 1GiB;server237-ext-20260928-worker-1|0.15%|96.93MiB / 15.48GiB;server237-ext-20260928-server-1|79.76%|117.7MiB / 15.48GiB;server237-ext-20260928-scheduler-1|0.00%|2MiB / 15.48GiB;server237-ext-20260928-redis-1|0.44%|25.19MiB / 15.48GiB;server237-ext-20260928-mysql-1|20.78%|561.1MiB / 15.48GiB;
2026-09-28T17:38:41Z server237-ext-20260928-probe-run-a5af7ca03e5c|0.00%|85.81MiB / 1GiB;server237-ext-20260928-worker-1|76.04%|101.2MiB / 15.48GiB;server237-ext-20260928-server-1|54.46%|109.7MiB / 15.48GiB;server237-ext-20260928-scheduler-1|0.00%|2.004MiB / 15.48GiB;server237-ext-20260928-redis-1|0.48%|32.43MiB / 15.48GiB;server237-ext-20260928-mysql-1|5.94%|561.7MiB / 15.48GiB;
2026-09-28T17:38:49Z server237-ext-20260928-probe-run-a5af7ca03e5c|0.34%|101.6MiB / 1GiB;server237-ext-20260928-worker-1|0.55%|100.9MiB / 15.48GiB;server237-ext-20260928-server-1|87.20%|127.7MiB / 15.48GiB;server237-ext-20260928-scheduler-1|0.00%|2MiB / 15.48GiB;server237-ext-20260928-redis-1|0.51%|39.66MiB / 15.48GiB;server237-ext-20260928-mysql-1|12.02%|564.4MiB / 15.48GiB;
2026-09-28T17:38:56Z server237-ext-20260928-probe-run-a5af7ca03e5c|0.00%|101.6MiB / 1GiB;server237-ext-20260928-worker-1|96.07%|104.5MiB / 15.48GiB;server237-ext-20260928-server-1|75.27%|119.6MiB / 15.48GiB;server237-ext-20260928-scheduler-1|0.00%|2MiB / 15.48GiB;server237-ext-20260928-redis-1|0.27%|46.91MiB / 15.48GiB;server237-ext-20260928-mysql-1|30.17%|566.9MiB / 15.48GiB;
2026-09-28T17:39:04Z server237-ext-20260928-probe-run-a5af7ca03e5c|4.18%|117.9MiB / 1GiB;server237-ext-20260928-worker-1|0.18%|102.9MiB / 15.48GiB;server237-ext-20260928-server-1|87.55%|109.7MiB / 15.48GiB;server237-ext-20260928-scheduler-1|0.00%|2MiB / 15.48GiB;server237-ext-20260928-redis-1|0.54%|54.16MiB / 15.48GiB;server237-ext-20260928-mysql-1|14.76%|567MiB / 15.48GiB;
2026-09-28T17:39:11Z server237-ext-20260928-probe-run-a5af7ca03e5c|12.68%|117.9MiB / 1GiB;server237-ext-20260928-worker-1|0.17%|102.9MiB / 15.48GiB;server237-ext-20260928-server-1|78.36%|127.7MiB / 15.48GiB;server237-ext-20260928-scheduler-1|0.00%|2.008MiB / 15.48GiB;server237-ext-20260928-redis-1|0.81%|54.19MiB / 15.48GiB;server237-ext-20260928-mysql-1|32.71%|567.4MiB / 15.48GiB;
2026-09-28T17:39:19Z server237-ext-20260928-probe-run-a5af7ca03e5c|3.73%|117.9MiB / 1GiB;server237-ext-20260928-worker-1|0.26%|104.9MiB / 15.48GiB;server237-ext-20260928-server-1|71.59%|75.74MiB / 15.48GiB;server237-ext-20260928-scheduler-1|41.93%|2.004MiB / 15.48GiB;server237-ext-20260928-redis-1|0.98%|61.45MiB / 15.48GiB;server237-ext-20260928-mysql-1|20.18%|568.6MiB / 15.48GiB;
2026-09-28T17:39:26Z server237-ext-20260928-worker-1|4.75%|105MiB / 15.48GiB;server237-ext-20260928-server-1|0.01%|72.69MiB / 15.48GiB;server237-ext-20260928-scheduler-1|0.00%|2.004MiB / 15.48GiB;server237-ext-20260928-redis-1|0.27%|54.24MiB / 15.48GiB;server237-ext-20260928-mysql-1|1.84%|568.9MiB / 15.48GiB;
2026-09-28T17:39:34Z server237-ext-20260928-worker-1|0.32%|104.9MiB / 15.48GiB;server237-ext-20260928-server-1|0.01%|72.69MiB / 15.48GiB;server237-ext-20260928-scheduler-1|0.00%|2.004MiB / 15.48GiB;server237-ext-20260928-redis-1|0.26%|47.02MiB / 15.48GiB;server237-ext-20260928-mysql-1|1.68%|568.9MiB / 15.48GiB;
2026-09-28T17:39:42Z server237-ext-20260928-worker-1|0.17%|104.9MiB / 15.48GiB;server237-ext-20260928-server-1|0.00%|72.68MiB / 15.48GiB;server237-ext-20260928-scheduler-1|65.45%|2.008MiB / 15.48GiB;server237-ext-20260928-redis-1|0.17%|39.8MiB / 15.48GiB;server237-ext-20260928-mysql-1|3.88%|568.9MiB / 15.48GiB;
