task_type	status	attempt_count	repair_count	created_at	updated_at	task_lifetime_seconds
activity	completed	1	1	2026-09-28 14:35:24.96942	2026-09-28 14:35:42.307703	17.3383
workflow	completed	1	1	2026-09-28 14:35:42.310871	2026-09-28 14:36:06.515679	24.2048
timer	completed	1	0	2026-09-28 14:36:06.513702	2026-09-28 14:36:15.28108	8.7674
workflow	completed	1	0	2026-09-28 14:36:15.284892	2026-09-28 14:36:25.475198	10.1903
activity	completed	1	1	2026-09-28 14:36:25.472256	2026-09-28 14:36:45.498211	20.0260
workflow	completed	1	1	2026-09-28 14:36:45.501445	2026-09-28 14:37:10.110441	24.6090
timer	completed	1	0	2026-09-28 14:37:10.108711	2026-09-28 14:37:18.43291	8.3242
workflow	completed	1	0	2026-09-28 14:37:18.435158	2026-09-28 14:37:29.07711	10.6420
activity	completed	1	1	2026-09-28 14:37:29.074027	2026-09-28 14:37:46.808566	17.7345
workflow	completed	1	1	2026-09-28 14:37:46.811761	2026-09-28 14:38:10.597895	23.7861
timer	completed	1	0	2026-09-28 14:38:10.593908	2026-09-28 14:38:19.486697	8.8928
workflow	completed	1	0	2026-09-28 14:38:19.489322	2026-09-28 14:38:29.131672	9.6424
activity	completed	1	1	2026-09-28 14:38:29.128891	2026-09-28 14:38:50.829973	21.7011
workflow	completed	1	1	2026-09-28 14:38:50.833179	2026-09-28 14:39:14.167379	23.3342
timer	completed	1	0	2026-09-28 14:39:14.165374	2026-09-28 14:39:22.925215	8.7598
workflow	completed	1	0	2026-09-28 14:39:22.927396	2026-09-28 14:39:33.008855	10.0815
activity	completed	1	1	2026-09-28 14:39:33.005607	2026-09-28 14:39:50.711704	17.7061
workflow	completed	1	1	2026-09-28 14:39:50.715566	2026-09-28 14:40:14.583076	23.8675
timer	completed	1	0	2026-09-28 14:40:14.580667	2026-09-28 14:40:23.023456	8.4428
workflow	completed	1	0	2026-09-28 14:40:23.025919	2026-09-28 14:40:33.37734	10.3514
activity	completed	1	1	2026-09-28 14:40:33.37436	2026-09-28 14:40:54.092047	20.7177
workflow	completed	1	1	2026-09-28 14:40:54.094744	2026-09-28 14:41:18.592435	24.4977
timer	completed	1	0	2026-09-28 14:41:18.590288	2026-09-28 14:41:27.208964	8.6187
workflow	completed	1	0	2026-09-28 14:41:27.211197	2026-09-28 14:41:37.587722	10.3765
activity	completed	1	1	2026-09-28 14:41:37.585158	2026-09-28 14:41:54.730663	17.1455
workflow	completed	1	1	2026-09-28 14:41:54.733941	2026-09-28 14:42:19.001704	24.2678
timer	completed	1	0	2026-09-28 14:42:18.999644	2026-09-28 14:42:27.293925	8.2943
workflow	completed	1	0	2026-09-28 14:42:27.296574	2026-09-28 14:42:37.682138	10.3856
activity	completed	1	1	2026-09-28 14:42:37.679036	2026-09-28 14:42:57.662959	19.9839
workflow	completed	1	1	2026-09-28 14:42:57.666197	2026-09-28 14:43:21.46126	23.7951
timer	completed	1	0	2026-09-28 14:43:21.459419	2026-09-28 14:43:30.576005	9.1166
workflow	completed	1	0	2026-09-28 14:43:30.578551	2026-09-28 14:43:40.247855	9.6693
workflow	completed	1	0	2026-09-28 14:43:40.246046	2026-09-28 14:43:43.983937	3.7379
