01m3nj6zgm847j4m2rzvqa3qga	completed	8101	4411985	approaching	0
workflow	completed	1	0	7.982
activity	completed	1	0	3.164
workflow	completed	1	0	7.234
activity	completed	1	0	2.550
workflow	completed	1	0	6.851
activity	completed	1	0	3.021
workflow	completed	1	0	7.656
activity	completed	1	0	3.857
workflow	completed	1	0	8.242
activity	completed	1	0	4.102
workflow	completed	1	0	9.333
activity	completed	1	0	5.395
workflow	completed	1	0	10.964
activity	completed	1	0	7.876
workflow	completed	1	0	11.409
activity	completed	1	0	6.399
workflow	completed	1	0	11.455
activity	completed	1	0	7.044
workflow	completed	1	0	12.384
activity	completed	1	0	7.379
workflow	completed	1	0	13.135
activity	completed	1	0	8.184
workflow	completed	1	0	13.772
activity	completed	1	0	8.646
workflow	completed	1	0	15.208
activity	completed	1	0	9.321
workflow	completed	1	0	15.308
activity	completed	1	0	9.876
workflow	completed	1	0	16.920
activity	completed	1	0	10.510
workflow	completed	1	0	16.932
activity	completed	1	0	11.045
workflow	completed	1	0	13.116
open_tasks	0
failed_jobs	0
